,m3/mol,m3/kmol,dm3/mol,dm3/kmol,cm3/mol,cm3/kmol,ft3/mol,ft3/kmol
m3/mol,1,1000,1000,1000000,1000000,1000000000,35.31466672,35314.66672
m3/kmol,0.001,1,1000000,1000,1000,1000000,0.035314667,35.31466672
dm3/mol,0.001,0.000001,1,1000,1000,1000000,0.035314667,35.31466672
dm3/kmol,0.000001,0.001,0.001,1,1,1000,3.53147E-05,0.035314667
cm3/mol,0.000001,0.001,0.001,1,1,1000,3.53147E-05,0.035314667
cm3/kmol,0.000000001,0.000001,0.000001,0.001,0.001,1,3.53147E-08,3.53147E-05
ft3/mol,0.028316847,28.31684659,28.31684659,28316.84659,28316.84659,28316846.59,1,1000
ft3/kmol,2.83168E-05,0.028316847,0.028316847,28.31684659,28.31684659,28316.84659,0.001,1
