,Pa,bar,atm,torr,psi,kPa,MPa,GPa
Pa,1,0.00001,9.87E-06,0.0075006,0.00014504,0.001,0.000001,0.000000001
bar,100000,1,0.98692,750.06,14.5037744,100,0.1,0.0001
atm,101325,1.01325,1,760,14.696,101.3253354,0.101325335,0.000101325
torr,133.322,0.00133322,0.0013158,1,0.019337,0.133322668,0.000133323,1.33323E-07
psi,6894,68.948,0.068046,51.715,1,6.894649752,0.00689465,6.89465E-06
kPa,1000,0.01,0.0098692,7.5006,0.14504,1,0.001,0.000001
MPa,1000000,10,9.8692,7500.6,145.04,1000,1,0.001
GPa,1000000000,10000,9869.2,7500600,145040,1000000,1000,1
